{
    "m": {
        "cm": 100,
        "in": 39.370,
        "ft": 3.28,
        "mm": 1000,
        "yd": 1.093,
        "km": 0.001
    },
    "cm": {
        "m": 1,
        "in": 0.393,
        "ft": 0.032,
        "mm": 10,
        "yd": 0.01,
        "km": 0.0001
    },
    "in": {
        "m": 0.025,
        "cm": 2.54,
        "ft": 0.083,
        "mm": 25.4,
        "yd": 0.027,
        "km": 0.00254
    },
    "ft": {
        "m": 0.304,
        "cm": 30.48,
        "in": 12,
        "mm": 304.8,
        "yd": 0.333,
        "km": 0.0003
    },
    "mm": {
        "m": 0.001,
        "cm": 0.1,
        "in": 0.039,
        "ft": 0.0032,
        "yd": 0.001,
        "km": 0.00001
    },
    "yd": {
        "m": 0.914,
        "cm": 91.44,
        "in": 36,
        "ft": 3,
        "mm": 914.4,
        "km": 0.0009
    },
    "km": {
        "m": 1000,
        "cm": 100000,
        "in": 39370.1,
        "ft": 3280.841,
        "mm": 100000,
        "yd": 1093.61
    }
}